Dataset_ID,TPR_Diff,FPR_Diff
0,0.34046362608367886,0.15101503176816983
1,0.2615163934426229,0.17031290856794212
2,0.1922919972795285,0.21356604727758396
4,0.28012973711164224,0.2481772323053721
5,0.4864616660741794,0.086438679245283
