Dataset_ID,TPR_Diff,FPR_Diff
0,0.3431021485111194,0.16545276098972056
1,0.34046362608367886,0.15101503176816983
2,0.3351865812287975,0.15519913218657988
3,0.34046362608367886,0.14892298155896483
4,0.3431021485111194,0.18805206880520686
CTGAN,0.34837919336600076,0.1633607107805155
GC,0.33254805880135696,0.1633607107805155
ROS,0.09574067093856009,0.21483547703910327
TVAE,0.3351865812287975,0.15101503176816983
