Dataset_ID,TPR_Diff,FPR_Diff
0,0.1629287598944591,0.11232501678805723
1,0.3378251036562382,0.1633607107805155
2,0.3351865812287975,0.16754481119892556
3,0.34046362608367886,0.15101503176816983
4,0.34046362608367886,0.18596001859600186
CTGAN,0.34046362608367886,0.1633607107805155
ROS,0.08782510365623819,0.19642026964202697
