Dataset_ID,TPR_Diff,FPR_Diff
0,0.34046362608367886,0.15101503176816983
1,0.2615163934426229,0.17031290856794212
2,0.1922919972795285,0.21356604727758396
3,0.28012973711164224,0.2481772323053721
4,0.4864616660741794,0.086438679245283
CTGAN,0.5305361305361305,0.11117634724260853
GC,0.5298773690078038,0.15767234093927318
ROS,0.05670449768810426,0.2057319853533841
TVAE,0.4983277591973244,0.19710519623633124
