Dataset_ID,Class,TPR,FPR
0,3,0.4642857142857143,0.14814814814814814
0,6,0.8047493403693932,0.29916317991631797
1,3,0.5409836065573771,0.15436241610738255
1,6,0.8025,0.3246753246753247
2,3,0.6181818181818182,0.07453416149068323
2,6,0.8104738154613467,0.2881002087682672
4,3,0.5862068965517241,0.07804878048780488
4,6,0.8663366336633663,0.326226012793177
5,3,0.3563218390804598,0.16981132075471697
5,6,0.8427835051546392,0.25625
