Dataset_ID,TPR_Diff,FPR_Diff
0,0.1629287598944591,0.1081409163696472
1,0.3431021485111194,0.17361433958365619
2,0.3378251036562382,0.17989049021127124
3,0.34046362608367886,0.1633607107805155
4,0.3457406709385601,0.17361433958365619
CTGAN,0.3457406709385601,0.15101503176816983
ROS,0.08782510365623819,0.2250891058422439
